brand,processor_brand,processor_name,processor_gnrtn,ram_gb,ram_type,ssd,hdd,os,os_bit,graphic_card_gb,weight,warranty,Touchscreen,msoffice,Price,rating,Number of Ratings,Number of Reviews
1,1,1,0,4,1,0,1024,2,64,0,0,3,0,0,34649,1,3,0
5,1,1,0,4,1,0,1024,2,64,0,0,3,0,0,38999,2,65,5
5,1,1,0,4,1,0,1024,2,64,0,0,3,0,0,39999,2,8,1
1,1,2,0,8,1,512,0,2,32,2,0,3,0,0,69990,2,0,0
1,1,0,7,4,1,0,512,2,64,0,0,3,0,0,26990,2,0,0
1,1,0,7,4,1,0,512,2,64,0,0,3,0,0,22990,2,0,0
1,1,0,7,4,1,0,512,2,32,0,0,3,0,0,21990,2,31,3
1,1,2,0,8,1,0,1024,2,32,2,0,3,0,0,58799,2,0,0
5,1,2,0,4,1,0,1024,2,32,0,0,3,0,0,49999,2,0,0
7,0,8,0,4,1,0,512,2,32,4,0,3,0,0,59990,3,1946,240
7,0,8,0,4,1,0,512,2,32,6,0,3,0,0,93700,3,259,47
7,0,8,0,4,1,0,512,2,32,4,0,3,0,0,72990,3,425,67
2,1,0,7,4,1,0,512,2,64,0,0,3,0,0,17490,2,1120,196
1,1,0,7,4,1,0,512,2,64,0,0,3,0,0,22990,2,0,0
1,1,1,1,4,1,256,0,2,64,0,0,3,0,0,35990,2,0,0
4,1,1,1,8,1,256,0,2,64,0,0,0,1,0,56490,2,0,0
4,1,2,1,8,1,256,0,2,64,0,0,0,0,0,65390,2,0,0
5,1,0,7,4,1,256,0,2,64,0,2,3,0,0,31999,3,286,19
4,1,0,7,8,1,256,0,2,64,0,2,3,0,0,32490,3,58,6
5,1,0,7,4,1,256,0,2,64,0,2,3,0,0,31799,2,0,0
1,1,0,7,4,1,256,0,2,64,0,0,3,0,0,29890,3,7,0
1,1,0,7,4,1,0,1024,2,64,0,0,0,0,0,23990,2,15279,1947
4,1,1,4,4,1,0,1024,2,64,0,0,3,0,0,32955,3,311,27
4,1,2,4,4,1,0,1024,2,32,2,0,3,0,0,46200,3,47,7
1,1,1,1,4,1,256,0,2,64,0,2,3,0,0,34429,3,37,6
5,1,1,0,8,1,256,0,2,32,0,2,1,0,1,37990,3,2080,235
1,1,1,1,4,1,256,0,2,32,0,0,0,0,1,35990,3,1479,181
1,1,1,0,8,1,256,0,2,64,0,2,3,0,0,33980,3,67,3
4,1,1,1,8,1,256,0,2,64,0,2,0,0,1,39990,3,273,30
3,1,1,0,8,1,256,0,2,64,0,2,0,0,1,39490,3,1267,171
4,1,1,1,8,1,256,0,2,64,0,0,0,1,1,53990,3,14,0
7,1,1,1,8,1,256,0,2,64,0,2,0,0,0,38990,2,0,0
1,1,1,1,8,1,256,0,2,64,0,2,0,0,0,37990,3,284,39
1,1,1,1,8,1,256,0,2,64,0,0,0,0,1,37890,3,44,5
5,1,1,1,8,1,256,0,2,64,0,2,0,0,0,38990,3,33,4
5,1,1,0,8,1,256,0,2,64,0,2,3,0,0,37990,3,286,36
3,1,1,1,8,1,256,0,2,64,0,2,0,0,1,41990,2,10,5
1,1,1,1,8,1,256,0,2,64,0,0,0,0,0,45990,3,816,147
5,1,1,1,8,1,256,0,2,64,0,2,0,0,0,39990,3,543,65
3,1,1,1,8,1,256,0,2,64,0,2,3,0,0,42490,3,9,1
3,1,1,0,4,1,256,0,2,64,0,2,0,0,1,36990,3,1178,137
5,1,1,1,8,1,256,0,2,64,0,0,0,1,1,53990,3,299,41
1,1,1,1,8,1,256,0,2,64,0,2,3,0,0,36990,3,20,1
5,1,1,0,4,1,256,0,2,64,0,0,1,0,0,38940,3,758,64
3,1,1,0,4,1,256,0,2,64,0,0,0,0,1,39490,3,634,64
1,1,1,1,8,1,256,0,2,64,0,0,0,0,0,45990,3,816,147
5,1,1,0,8,1,256,0,2,64,0,0,1,0,1,39999,4,4,0
3,1,1,1,8,1,256,0,2,64,0,2,0,0,0,42990,3,17,2
3,1,1,1,8,1,256,0,2,64,0,0,0,1,0,49990,3,24,5
3,1,1,1,8,1,256,0,2,64,0,2,0,0,1,41490,3,1753,165
3,1,1,1,8,1,256,0,2,64,0,2,3,0,0,41990,3,216,21
5,1,1,1,8,1,256,0,2,64,0,2,0,0,1,41990,3,1084,160
1,1,1,1,8,1,256,0,2,64,0,0,0,0,0,38490,2,19,3
5,1,1,1,4,1,256,0,2,64,0,2,0,0,1,38990,3,106,13
5,1,1,1,4,1,256,0,2,64,0,0,0,0,1,44990,3,42,4
5,1,1,0,4,1,256,0,2,64,0,2,3,0,0,36490,2,0,0
5,1,1,0,8,1,256,0,2,32,0,0,3,0,0,38970,2,0,0
4,1,1,1,4,1,256,0,2,64,0,2,0,0,1,44900,3,1029,107
6,1,1,0,4,1,256,0,2,64,0,2,3,0,0,38990,3,53,11
3,1,1,1,4,1,256,0,2,64,0,2,3,0,0,44427,2,0,0
1,1,1,0,4,1,256,0,2,64,0,0,0,0,0,35990,2,0,0
5,1,1,0,4,1,256,0,2,64,0,0,0,0,1,40200,2,48,1
5,1,1,0,4,1,256,0,2,32,0,0,3,0,0,40990,2,3,0
3,1,1,0,4,1,256,0,2,64,0,2,0,0,0,42490,2,0,0
7,1,0,7,4,1,0,512,2,32,0,0,3,0,0,23990,2,61,4
3,1,1,1,4,1,256,0,2,64,0,0,3,1,0,71999,3,97,13
1,1,1,1,4,1,256,0,2,64,0,0,0,0,0,39990,3,181,19
5,1,1,0,4,1,256,0,2,64,0,0,0,0,1,41998,3,529,39
1,1,1,1,4,1,256,0,2,32,0,0,3,0,0,41990,2,0,0
5,1,1,0,4,1,256,0,2,64,0,0,1,0,1,39999,2,0,0
1,1,1,0,4,1,256,0,2,32,0,0,3,0,0,39990,2,0,0
5,1,1,1,4,1,256,0,2,64,0,0,3,0,0,39998,3,10,1
4,1,1,1,4,1,256,0,2,64,0,2,0,0,1,42490,3,5205,561
5,1,1,0,4,1,256,0,2,32,0,0,3,0,0,41990,2,3,0
1,1,1,1,4,1,256,0,2,32,0,0,3,0,0,48490,2,0,0
4,1,1,1,4,1,256,0,2,64,0,2,0,0,1,44376,3,1090,96
3,1,1,1,4,1,256,0,2,32,0,0,3,0,0,43900,2,0,0
3,1,1,1,4,1,256,0,2,64,0,0,0,0,0,46690,2,0,0
5,1,1,0,4,1,256,0,2,32,0,0,3,0,0,40990,4,1,1
3,1,1,0,4,1,256,0,2,64,0,2,0,0,0,39990,3,44,2
5,1,1,1,4,1,256,0,2,64,0,2,3,0,0,43990,2,0,0
1,1,1,1,4,1,256,0,2,64,0,2,0,0,0,36990,3,70,9
3,1,1,1,8,1,256,0,2,64,0,0,0,0,0,48500,2,0,0
1,1,1,1,8,1,256,0,2,64,0,0,3,0,0,48990,2,0,0
1,1,0,7,4,4,0,512,2,32,0,0,3,0,0,23490,3,632,92
4,1,1,5,4,1,256,0,2,64,0,0,0,1,1,54238,3,71,8
1,1,1,0,8,1,512,0,2,64,0,0,0,0,0,37990,3,990,108
4,1,1,1,8,1,512,0,2,64,0,2,0,0,1,42990,3,158,18
4,1,1,1,8,1,512,0,2,64,0,2,0,0,1,42990,3,681,59
1,1,1,0,4,1,512,0,2,64,0,0,0,0,0,35990,3,130,12
1,1,1,1,8,1,512,0,2,64,0,0,0,0,0,42990,3,30,4
1,1,1,1,8,5,512,0,2,32,0,0,0,1,1,51990,3,6,2
1,1,1,1,8,1,512,0,2,64,0,0,0,0,0,48990,3,174,30
1,1,1,1,8,1,512,0,2,64,0,0,0,0,0,42990,3,40,7
5,1,1,0,8,1,512,0,2,64,0,2,0,0,0,38990,2,13,1
3,1,1,1,8,1,512,0,2,64,0,2,3,0,0,45990,3,184,29
4,1,1,0,8,1,512,0,2,64,0,2,0,0,1,42490,3,1296,126
4,1,1,1,8,1,512,0,2,64,0,2,0,0,1,43970,3,571,56
1,1,1,0,4,1,512,0,2,64,0,2,0,0,1,39990,3,2551,297
6,1,1,1,8,1,512,0,2,64,0,2,3,0,0,48990,3,17,3
4,1,1,1,8,1,512,0,2,64,0,0,0,0,1,54990,3,35,3
6,1,1,0,8,1,512,0,2,64,0,2,3,0,0,40990,3,118,17
1,1,1,1,8,1,512,0,2,64,0,2,0,0,1,41990,2,0,0
5,1,1,1,8,1,512,0,2,64,0,2,0,1,0,54990,3,245,34
1,1,1,1,8,1,512,0,2,64,0,0,0,0,1,44990,3,2058,305
4,1,1,1,8,1,512,0,2,64,0,0,0,0,0,41250,3,117,11
4,1,1,1,8,1,512,0,2,64,0,2,3,0,0,44990,2,0,0
1,1,1,1,8,1,512,0,2,64,0,0,0,0,0,42990,3,74,11
3,1,1,1,8,1,512,0,2,64,0,0,0,1,0,60790,3,10,1
4,1,1,1,8,1,512,0,2,64,0,0,3,0,0,45650,3,39,4
3,1,1,0,8,1,512,0,2,64,0,2,0,0,1,41990,2,29,7
3,1,1,0,8,1,512,0,2,64,0,2,0,0,0,45490,3,43,4
1,1,1,1,8,1,512,0,2,64,0,2,0,0,1,44990,2,0,0
5,1,1,1,8,1,512,0,2,64,0,2,1,0,1,42990,3,984,99
4,1,1,1,4,1,512,0,2,64,0,2,0,0,1,45490,3,523,66
4,1,1,0,4,1,512,0,2,32,0,0,3,0,0,38799,3,30,1
4,1,1,1,4,1,512,0,2,64,0,0,0,1,1,69267,2,0,0
1,1,1,1,4,1,512,0,2,64,0,0,0,0,1,51649,2,0,0
4,1,1,1,4,1,512,0,2,64,0,2,0,0,1,47990,3,1605,215
1,1,1,0,4,1,512,0,2,64,0,0,0,0,0,40990,3,4008,519
1,1,1,0,4,1,512,0,2,64,0,2,0,0,1,42990,3,1869,234
1,1,1,1,4,1,512,0,2,64,0,0,0,0,0,44890,2,7,0
1,1,1,0,4,1,512,0,2,64,0,0,0,0,0,41490,3,4008,519
4,1,1,1,4,1,512,0,2,32,0,2,0,0,0,50990,2,0,0
4,1,1,1,4,1,512,0,2,64,0,2,0,0,1,48900,3,1278,135
1,1,1,0,4,1,512,0,2,64,0,0,0,0,0,40990,3,4008,519
3,1,1,0,4,1,512,0,2,64,0,0,3,0,0,41790,2,0,0
5,1,1,1,4,1,512,0,2,64,0,0,0,1,1,57999,2,10,2
3,1,1,1,8,1,512,0,2,64,0,2,3,0,0,45930,2,0,0
4,1,1,1,8,1,512,0,2,64,0,0,0,1,1,55490,3,143,15
1,1,1,0,8,1,0,1024,2,64,0,0,0,0,0,32890,2,28,4
5,1,1,0,8,1,0,1024,2,64,0,2,0,0,1,35990,3,2124,233
3,1,1,1,8,1,0,1024,2,64,0,2,3,0,0,42490,3,276,40
3,1,1,1,8,1,0,1024,2,64,0,2,3,0,0,42190,2,250,21
3,1,1,0,8,1,0,1024,2,64,0,2,0,0,1,39490,3,1917,189
4,1,1,1,8,1,0,1024,2,64,0,2,0,0,1,43690,3,4999,490
1,1,1,0,4,1,0,1024,2,64,0,0,0,0,0,35990,2,17,0
3,1,1,1,8,1,0,1024,2,32,0,0,3,0,0,43800,3,17,0
5,1,1,0,8,1,0,1024,2,32,0,0,3,0,0,38990,2,0,0
1,1,1,0,4,1,0,1024,2,64,0,2,0,0,0,34990,2,4203,490
1,1,1,1,8,1,0,1024,2,64,0,0,0,0,0,38900,2,13,0
3,1,1,0,4,1,0,1024,2,64,0,2,0,0,0,39990,2,15,1
3,1,1,0,4,1,0,1024,2,32,0,0,3,0,0,40890,3,527,46
5,1,1,0,4,1,0,1024,2,64,0,2,0,0,0,36990,2,103,10
4,1,1,1,4,1,0,1024,2,64,0,2,0,0,1,39990,2,324,45
4,1,1,1,4,1,0,1024,2,64,0,2,0,0,1,41990,3,69,5
3,1,1,1,4,1,0,1024,2,32,0,0,3,0,0,43970,2,16,0
4,1,1,1,4,1,0,1024,2,64,0,2,0,0,0,39790,2,40,3
1,1,1,0,4,1,0,1024,2,32,0,2,3,0,0,35590,2,12,1
4,1,1,0,4,1,0,1024,2,64,0,2,0,0,1,36490,2,1146,175
1,1,1,0,4,1,0,1024,2,64,0,2,0,0,1,38990,3,1850,216
1,1,1,0,4,1,0,1024,2,32,0,2,3,0,0,33990,2,43,7
3,1,1,0,4,1,0,1024,2,64,0,0,0,0,1,43400,3,231,26
1,1,0,7,4,4,0,512,2,32,0,0,3,0,0,24990,3,502,93
4,1,1,0,4,1,0,1024,2,64,0,2,0,0,1,40750,3,1096,116
3,1,1,0,4,1,0,1024,2,64,0,2,0,0,1,43000,3,313,35
1,1,1,0,4,1,0,1024,2,64,0,0,3,0,0,38000,3,7,0
3,1,1,1,8,1,0,1024,2,64,0,2,0,0,1,37990,2,265,46
4,1,1,4,8,1,0,1024,2,64,2,0,3,0,0,49279,3,38,3
5,1,1,0,8,1,0,1024,2,32,0,0,3,0,0,38999,2,7,2
1,1,1,1,8,1,0,1024,2,32,0,0,3,0,0,41500,2,4,0
7,1,1,1,4,1,0,1024,2,32,0,0,3,0,0,36999,2,0,0
3,1,1,1,8,1,0,1024,2,32,0,0,3,0,0,42900,2,0,0
1,1,0,7,4,4,0,512,2,32,0,0,3,0,0,21490,2,818,113
3,1,1,1,8,1,0,1024,2,32,0,0,3,0,0,41480,2,25,4
1,1,1,0,8,1,0,1024,2,64,0,0,3,0,0,32990,1,12,0
1,1,1,1,8,1,0,1024,2,64,0,0,0,0,0,38680,2,17,1
1,1,0,7,4,4,0,512,2,32,0,0,3,0,0,23990,3,974,170
3,1,1,0,8,1,0,1024,2,64,0,2,3,0,0,40390,2,83,15
1,1,1,0,4,1,0,1024,2,64,0,2,3,0,0,33990,2,31,6
1,1,0,7,4,4,0,512,2,32,0,0,3,0,0,20490,2,637,91
3,1,1,0,8,1,256,1024,2,64,0,2,0,0,1,41490,4,7,5
3,1,1,1,8,1,256,1024,2,64,0,0,3,0,0,45490,3,207,16
3,1,1,1,8,1,256,1024,2,64,0,0,3,0,0,44490,3,844,103
1,1,1,1,8,1,256,1024,2,64,0,0,0,0,1,41890,3,53,6
3,1,1,1,4,1,256,1024,2,64,0,2,0,0,1,42990,3,62,7
7,1,1,1,8,1,256,1024,2,64,0,0,3,0,0,40990,3,38,2
3,1,1,1,8,1,256,1024,2,64,0,2,0,0,0,48990,3,724,92
3,1,1,1,4,1,256,1024,2,64,0,2,0,0,1,43590,2,0,0
3,1,1,0,4,1,256,1024,2,64,0,0,0,0,0,44690,3,9,0
1,1,1,0,4,1,256,1024,2,64,0,0,3,0,0,40990,2,0,0
3,1,1,1,4,1,256,1024,2,64,0,2,0,0,1,43990,2,0,0
3,1,1,1,4,1,256,1024,2,64,0,2,0,0,1,43590,2,0,0
3,1,1,0,4,1,256,1024,2,64,0,2,0,0,1,41390,3,56,7
3,1,1,0,4,1,256,1024,2,64,0,2,0,0,1,44290,2,0,0
3,1,1,1,4,1,256,1024,2,64,0,0,0,0,0,48999,2,0,0
3,1,1,1,4,1,256,1024,2,64,0,2,0,0,1,39990,2,170,11
3,1,1,0,8,1,256,1024,2,64,0,2,3,0,0,46390,1,95,5
1,1,0,7,4,4,0,512,2,64,0,0,3,0,0,18990,2,197,25
1,1,0,7,4,4,0,512,2,32,0,0,3,0,0,17990,2,1180,148
4,1,0,7,4,1,0,512,2,64,0,0,3,0,0,26470,2,232,23
4,1,0,7,4,1,0,512,2,64,0,0,3,0,0,27990,2,596,65
5,1,0,7,4,1,0,1024,2,32,0,0,3,0,0,29999,2,19,1
5,1,0,7,4,5,0,512,2,64,0,0,3,0,0,25990,2,84,16
5,1,0,7,4,4,0,512,2,32,0,0,3,0,0,16990,2,414,54
5,1,0,7,4,4,0,512,2,32,0,0,3,0,0,24990,1,70,16
7,1,2,7,8,2,0,512,2,32,4,0,3,0,0,50990,3,10966,1185
7,1,2,7,8,4,0,512,2,32,0,0,0,0,0,119990,3,1,1
7,1,2,0,8,4,0,512,0,32,0,0,3,0,0,94190,3,31,6
1,1,2,0,8,4,0,512,0,32,4,0,3,0,0,106167,3,1881,241
3,1,2,0,8,4,0,512,0,32,4,0,0,0,0,68090,0,23,4
3,1,2,0,8,4,0,512,0,32,0,2,0,0,0,139990,2,0,0
4,1,2,0,8,4,0,512,0,32,0,2,3,0,0,55990,3,818,109
4,1,2,0,8,4,0,512,0,32,4,0,3,0,0,102551,2,0,0
5,1,2,0,8,4,0,512,0,32,2,0,3,0,0,46990,3,4428,569
4,1,2,5,8,1,128,0,2,64,0,2,0,0,0,76012,3,129,16
5,1,2,1,8,1,256,0,2,64,0,0,1,0,1,49490,3,365,35
7,1,2,4,8,0,256,0,2,64,0,2,0,0,1,86867,3,39,3
1,1,2,1,8,1,256,0,2,64,0,2,0,0,0,48990,2,0,0
3,1,2,1,8,1,256,0,2,64,0,2,3,0,0,55990,2,3,0
7,1,2,5,8,0,256,0,2,64,0,2,0,1,1,81998,3,14,3
4,1,2,5,8,1,256,0,2,64,0,0,0,1,1,136590,2,0,0
7,1,2,5,8,1,256,0,2,64,0,2,0,0,0,59490,2,33,7
1,1,2,1,8,1,256,0,2,64,0,2,0,0,0,49800,2,0,0
5,1,2,1,8,1,256,0,2,64,0,0,0,0,1,61999,1,4,0
4,1,2,1,8,1,512,0,2,64,0,2,3,0,0,54990,3,116,15
4,1,2,1,8,1,512,0,2,64,0,2,0,0,0,53990,3,206,17
5,1,2,1,8,1,512,0,2,64,0,0,1,0,1,52990,3,300,24
4,1,2,1,16,1,512,0,2,64,0,2,0,0,1,67990,3,108,6
1,1,2,0,8,1,512,0,2,64,4,1,0,0,0,57990,3,3712,412
5,1,2,1,16,1,512,0,2,64,0,2,0,0,1,62300,3,825,95
5,1,2,1,8,1,512,0,2,64,0,2,0,0,0,52990,2,0,0
5,1,2,1,8,1,512,0,2,64,0,2,1,0,1,51990,3,85,4
5,1,2,1,16,1,512,0,2,64,0,2,3,0,0,61990,3,56,7
1,1,2,1,8,5,512,0,2,32,0,0,0,1,1,63990,3,10,1
5,1,2,1,8,1,512,0,2,64,0,0,0,0,1,65990,3,17,4
7,1,2,1,8,1,512,0,2,64,0,2,0,0,0,52990,3,155,20
5,1,2,0,8,1,512,0,2,64,0,2,0,0,0,49990,2,0,0
1,1,2,1,8,1,512,0,2,64,4,1,3,0,0,71990,3,91,17
1,1,2,0,8,1,512,0,2,64,0,0,0,0,0,47990,3,35,2
5,1,2,0,8,1,512,0,2,32,0,2,1,0,1,48490,3,126,13
1,1,2,1,8,1,512,0,2,64,4,1,3,0,0,72990,3,74,10
6,1,2,1,16,1,512,0,2,64,4,0,1,0,0,76990,3,75,17
1,1,2,1,16,1,512,0,2,64,6,1,0,0,1,89990,3,124,17
6,1,2,0,8,1,512,0,2,64,4,0,1,0,0,59990,3,1597,228
1,1,2,0,8,1,512,0,2,64,4,1,0,0,1,65990,3,3850,378
3,1,2,1,8,1,512,0,2,64,0,0,3,1,0,71990,3,7,1
3,1,2,1,8,1,512,0,2,64,0,0,3,1,0,71890,3,3,0
5,1,2,1,16,1,512,0,2,64,0,2,3,0,0,64990,2,0,0
1,1,2,1,16,1,512,0,2,64,0,0,0,0,0,65990,2,0,0
4,1,2,1,8,1,512,0,2,64,0,2,3,0,0,55999,3,5,1
1,1,2,1,16,1,512,0,2,64,4,0,0,0,0,73490,3,213,45
4,1,2,1,16,1,512,0,2,64,0,2,0,0,1,74490,3,10,0
4,1,2,1,8,1,512,0,2,64,0,2,0,0,1,58340,3,69,6
7,1,2,1,8,1,512,0,2,64,0,2,0,0,0,55999,3,6,0
3,1,2,1,16,1,512,0,2,64,0,2,3,0,0,67990,3,93,9
1,1,2,1,16,1,512,0,2,64,0,0,0,0,0,59990,3,11,2
1,1,2,1,16,1,512,0,2,64,6,0,0,0,1,82990,3,262,31
3,1,2,1,8,1,512,0,2,64,2,0,0,0,1,64190,2,0,0
3,1,2,1,16,1,512,0,2,64,0,2,3,0,0,70090,3,5,1
1,1,2,0,8,1,512,0,2,64,2,2,0,0,0,49990,3,45,3
6,1,2,1,8,1,512,0,2,64,0,2,3,0,0,55490,2,8,1
4,1,2,1,8,5,512,0,2,64,0,0,3,1,0,97990,4,3,1
1,1,2,6,8,1,512,0,2,64,4,1,0,0,1,54990,3,1681,227
5,1,2,1,8,1,512,0,2,64,0,2,0,0,1,59990,3,37,2
5,1,2,1,8,1,512,0,2,64,0,2,0,0,1,53990,3,61,2
4,1,2,1,16,1,512,0,2,64,0,2,0,0,1,66999,3,17,1
7,1,2,1,8,5,512,0,2,64,0,2,0,0,1,60990,3,17,1
1,1,2,0,8,1,512,0,2,64,0,2,0,0,1,47990,3,1625,152
4,1,2,1,8,1,512,0,2,32,0,2,0,0,1,59999,3,4,1
3,1,2,0,16,1,512,0,2,64,4,0,0,0,0,79990,2,0,0
1,1,2,0,8,1,512,0,2,64,4,1,0,0,0,63990,2,0,0
4,1,2,1,8,1,512,0,2,64,0,2,0,0,1,63990,3,17,1
1,1,2,1,16,1,512,0,2,64,0,0,0,0,0,59990,2,0,0
5,1,2,1,8,1,512,0,2,64,0,2,0,0,0,55990,2,0,0
1,1,2,1,16,1,512,0,2,64,0,0,0,0,0,59990,2,0,0
4,1,2,1,8,1,512,0,2,64,0,2,0,0,1,63990,3,3,0
3,1,2,1,16,1,512,0,2,64,2,0,0,0,1,69490,2,0,0
3,1,2,1,16,1,512,0,2,64,0,0,0,1,1,89390,2,0,0
1,1,2,1,8,5,512,0,2,64,0,2,3,0,0,74990,2,0,0
5,1,2,1,8,1,512,0,2,64,0,0,2,1,1,64990,3,48,12
5,1,2,0,8,1,512,0,2,64,4,0,0,0,1,66490,3,282,36
3,1,2,1,16,1,512,0,2,64,2,0,0,0,1,89702,2,0,0
5,1,2,1,16,1,512,0,2,64,2,0,0,0,1,70990,3,67,4
1,1,2,1,16,1,512,0,2,64,0,0,0,1,1,58990,2,0,0
5,1,2,0,8,1,512,0,2,64,2,0,0,0,1,57500,2,0,0
3,1,2,1,8,1,512,0,2,64,2,0,0,1,1,79990,3,23,2
6,1,2,0,8,1,512,0,2,64,0,0,3,0,0,56541,3,677,87
1,1,2,1,16,1,512,0,2,64,0,2,3,0,0,59990,2,3,0
5,1,2,1,16,1,512,0,2,64,0,0,0,0,1,64990,3,46,4
3,1,2,1,8,1,512,0,2,64,0,2,0,0,0,61290,2,4,1
5,1,2,1,8,1,512,0,2,64,0,2,0,0,1,54990,3,9,1
5,1,2,1,8,1,512,0,2,64,0,0,0,0,1,59990,3,26,4
1,1,2,1,8,1,512,0,2,32,6,0,0,0,0,84990,4,5,0
4,1,2,1,8,1,512,0,2,64,0,2,0,0,1,72500,3,40,3
5,1,2,1,8,1,512,0,2,64,4,1,3,0,0,59990,2,44,6
5,1,2,1,8,1,512,0,2,64,0,0,0,1,1,87990,3,28,6
4,1,2,1,8,1,512,0,2,64,0,2,3,0,0,57990,3,1541,123
3,1,2,1,8,1,512,0,2,64,0,2,0,0,1,69490,3,72,7
5,1,2,1,8,1,512,0,2,64,0,0,2,1,1,68990,3,44,8
5,1,2,1,8,1,512,0,2,32,0,0,0,0,1,77990,3,17,2
1,1,2,1,8,5,512,0,2,64,0,0,0,1,0,105990,3,59,11
6,1,2,1,8,5,512,0,2,64,0,0,0,0,0,79990,2,0,0
3,1,2,1,8,1,512,0,2,64,0,2,0,0,1,55490,3,337,27
5,1,2,1,8,1,512,0,2,64,0,2,0,0,1,69990,3,10,2
1,1,2,1,8,1,512,0,2,64,0,0,0,1,1,84990,3,10,2
3,1,2,1,8,1,512,0,2,64,0,2,3,0,0,59990,2,31,7
3,1,2,0,8,5,512,0,2,64,0,2,0,0,1,111890,2,0,0
3,1,2,1,8,1,512,0,2,64,2,0,0,0,0,65990,3,10,0
1,1,2,1,8,5,512,0,2,32,0,0,0,0,1,72990,3,76,14
3,1,2,1,8,1,512,0,2,64,0,2,0,0,1,71090,3,44,6
6,1,2,1,8,1,512,0,2,64,4,0,1,0,0,74990,2,0,0
1,1,2,0,8,3,512,0,2,64,0,0,0,0,1,79990,3,11,3
6,1,2,1,8,1,512,0,2,64,0,0,0,0,0,55490,3,138,16
3,1,2,1,8,1,512,0,2,64,2,2,0,0,1,66490,3,199,17
1,1,2,1,8,1,512,0,2,64,0,0,0,0,1,53400,3,46,6
3,1,2,1,8,1,512,0,2,64,0,0,0,1,1,74500,3,45,5
3,1,2,1,8,5,512,0,2,64,0,2,0,0,1,114990,2,0,0
3,1,2,1,8,1,512,0,2,64,2,2,3,0,0,61990,3,35,4
0,1,2,0,8,5,512,0,1,64,0,0,0,0,0,159990,3,32,5
0,1,2,5,8,0,512,0,1,64,0,0,0,0,0,172090,3,108,13
6,1,2,1,8,1,512,0,2,64,4,0,3,0,0,74990,2,0,0
6,1,2,0,8,1,512,0,2,64,0,0,0,0,0,56490,3,814,112
5,1,2,0,8,1,512,0,2,64,0,2,2,0,0,147000,2,0,0
5,1,2,1,8,1,512,0,2,64,0,2,0,0,1,55990,3,75,9
4,1,2,1,8,1,512,0,2,64,4,1,0,0,1,77990,2,0,0
4,1,2,0,8,1,512,0,2,64,4,0,0,0,1,106490,3,3,0
5,1,2,1,8,1,512,0,2,32,2,0,0,0,1,70990,3,11,3
5,1,2,1,8,1,512,0,2,64,0,0,0,0,1,64990,3,125,11
7,1,2,1,8,1,512,0,2,64,0,0,0,0,0,57990,2,0,0
1,1,2,0,8,1,512,0,2,64,4,1,0,0,0,64990,3,4,0
6,1,2,0,8,1,512,0,2,64,0,0,0,0,0,54990,3,714,147
4,1,2,1,8,5,512,0,2,64,0,0,3,1,0,111999,2,0,0
5,1,2,0,8,5,512,0,2,64,2,0,0,0,1,70798,3,21,3
5,1,2,6,8,1,512,0,2,64,4,0,3,0,0,59990,2,9,1
7,1,2,5,8,1,512,0,2,64,4,0,0,0,0,99500,2,0,0
4,1,2,0,8,1,512,0,2,64,0,2,0,0,1,55990,3,30,4
1,1,2,5,8,3,512,0,2,64,0,2,0,0,0,72990,3,44,4
7,1,2,5,8,0,512,0,2,64,0,2,0,0,0,64990,2,4,1
1,1,2,1,8,1,512,0,2,64,0,2,3,0,0,57990,2,0,0
4,1,2,1,8,1,512,0,2,64,2,0,0,1,1,76990,3,14,2
5,1,2,1,8,1,512,0,2,64,0,0,1,0,1,62998,3,739,71
3,1,2,1,8,1,512,0,2,64,0,0,0,1,1,77990,3,31,5
4,1,2,0,8,1,512,0,2,64,0,0,0,1,1,114990,3,145,19
3,1,2,0,8,1,512,0,2,64,2,0,0,0,1,65990,2,0,0
3,1,2,1,8,1,512,0,2,64,2,0,0,0,1,88990,2,19,2
5,1,2,0,8,1,512,0,2,64,0,0,3,0,0,113590,2,0,0
1,1,2,1,8,5,512,0,2,64,0,0,0,1,1,73990,3,32,6
4,1,2,1,8,1,512,0,2,64,0,2,0,0,1,61000,3,1124,100
1,1,2,1,8,5,512,0,2,64,0,0,0,1,0,99990,3,35,6
5,1,2,1,8,1,512,0,2,64,0,2,0,0,1,67990,3,9,0
3,1,2,1,8,1,512,0,2,64,0,0,0,1,1,70799,3,98,6
5,1,2,1,8,1,512,0,2,64,0,2,0,0,1,65990,3,31,2
1,1,2,5,8,1,512,0,2,64,0,2,0,0,0,53690,3,19,3
6,1,2,1,8,1,512,0,2,64,0,2,0,0,0,55990,2,0,0
1,1,2,1,8,1,512,0,2,64,0,0,0,0,1,53190,3,11,0
5,1,2,0,8,1,512,0,2,32,2,0,1,0,1,58999,3,45,3
3,1,2,1,8,1,512,0,2,64,2,2,2,0,0,71990,2,0,0
4,1,2,1,8,1,512,0,2,32,4,0,3,0,0,82000,2,0,0
1,1,2,1,8,5,512,0,2,64,0,2,3,0,0,84990,2,0,0
5,1,2,1,8,1,512,0,2,64,2,0,3,0,0,89998,2,0,0
1,1,2,1,8,5,512,0,2,64,0,0,0,1,0,99990,2,0,0
1,1,2,1,8,5,512,0,2,64,0,2,3,0,0,84990,2,0,0
5,1,2,0,8,1,512,0,2,64,4,1,3,0,0,69899,3,474,37
3,1,2,0,8,1,512,0,2,64,4,0,0,0,0,79990,2,0,0
3,1,2,0,8,1,512,0,2,64,4,0,0,0,0,76300,3,6,0
5,1,2,0,8,1,512,0,2,64,0,0,0,0,1,55999,2,0,0
3,1,2,1,8,1,512,0,2,64,0,2,3,0,0,72900,2,24,4
3,1,2,1,8,1,512,0,2,64,0,0,0,1,1,73990,3,195,17
1,1,2,1,8,4,512,0,2,64,0,2,3,0,0,84990,2,0,0
3,1,2,1,8,1,512,0,2,32,2,0,3,0,0,73519,2,0,0
4,1,2,0,8,1,512,0,2,64,0,0,0,1,0,126000,4,2,1
1,1,2,1,8,1,512,0,2,64,6,0,0,0,0,88990,2,0,0
4,1,2,1,8,1,512,0,2,64,0,2,0,1,1,114999,2,0,0
3,1,2,1,8,1,512,0,2,64,2,0,0,1,1,82990,3,21,2
7,1,2,1,8,1,512,0,2,64,0,2,3,1,0,109999,2,0,0
5,1,2,1,8,1,512,0,2,64,0,2,0,1,1,82990,2,0,0
3,1,2,1,8,1,512,0,2,64,2,0,0,1,1,79990,3,5,0
1,1,2,1,8,5,512,0,2,64,0,0,0,1,0,114990,2,0,0
4,1,2,1,8,5,512,0,2,64,0,0,0,1,0,129999,2,0,0
6,1,2,5,8,2,512,0,2,32,6,0,3,0,0,149990,3,10,3
3,1,2,1,8,1,512,0,2,64,2,0,3,0,0,71290,2,0,0
3,1,2,0,8,1,512,0,2,64,0,2,0,0,1,79500,3,10,1
3,1,2,0,8,1,512,0,2,64,2,0,0,0,1,82990,2,15,3
3,1,2,1,8,1,512,0,2,64,2,0,0,0,1,70980,3,138,23
1,1,2,1,8,5,512,0,2,64,0,0,0,1,0,99990,2,0,0
4,1,2,1,8,1,512,0,2,32,0,0,3,0,0,94000,2,0,0
3,1,2,1,8,1,512,0,2,64,2,0,3,1,0,82990,3,16,3
6,1,2,1,8,5,512,0,2,64,0,0,0,0,0,79990,3,11,4
1,1,2,5,8,1,512,0,2,64,0,2,3,0,0,85990,2,0,0
1,1,2,0,8,1,512,0,2,64,2,0,3,0,0,86990,2,0,0
1,1,2,0,8,3,512,0,2,64,2,0,0,0,1,105990,4,4,0
1,1,2,0,8,3,512,0,2,64,0,0,3,0,0,84990,2,0,0
5,1,2,5,8,1,512,0,2,64,2,0,0,0,1,59999,3,22,3
5,1,2,1,8,1,512,0,2,64,0,0,0,0,1,91999,3,16,2
3,1,2,1,8,1,512,0,2,64,0,0,0,1,1,78900,2,16,1
1,1,2,0,8,3,512,0,2,64,0,0,3,0,0,132790,2,0,0
5,1,2,1,8,1,512,0,2,64,4,1,3,0,0,60990,2,14,6
2,1,2,4,8,1,512,0,2,64,0,2,3,0,0,65556,2,0,0
3,1,2,1,16,1,512,0,2,64,0,2,3,0,0,70190,2,6,3
3,1,2,1,8,1,512,0,2,64,2,0,0,1,0,79590,2,0,0
2,1,2,4,8,1,512,0,2,64,0,2,3,0,0,65556,2,0,0
1,1,2,1,8,1,512,0,2,64,4,0,0,0,0,76990,2,0,0
2,1,2,4,8,1,512,0,2,64,0,2,3,0,0,65556,2,0,0
2,1,2,5,8,1,512,0,2,64,0,2,3,0,0,44990,2,17,3
1,1,2,1,8,1,512,0,2,64,0,0,0,1,1,84990,2,17,2
5,1,2,0,8,1,512,0,2,64,2,0,0,1,1,86999,3,3,0
4,1,2,1,16,1,512,0,2,64,2,0,0,0,0,78000,3,512,85
2,1,2,5,8,1,512,0,2,64,0,2,3,0,0,73063,2,17,3
2,1,2,5,8,1,512,0,2,64,0,2,3,0,0,73063,2,17,3
4,1,2,1,16,1,512,0,2,64,4,0,0,0,1,100990,2,0,0
5,1,2,5,8,1,512,0,2,64,0,2,0,0,1,74990,2,3,1
1,1,2,0,8,1,512,0,2,64,4,0,3,0,0,75990,3,1365,137
5,1,2,1,8,1,512,0,2,32,2,0,0,0,1,84086,2,8,3
1,1,2,1,8,1,1024,0,2,64,4,1,3,0,0,75990,3,368,48
1,1,2,1,8,1,1024,0,2,64,4,1,0,0,1,77990,3,202,26
1,1,2,0,8,1,1024,0,2,64,4,0,0,0,0,77990,3,187,26
0,1,2,0,16,5,1024,0,1,64,0,0,0,0,0,179990,3,31,3
0,1,2,0,16,5,1024,0,1,64,0,0,0,0,0,179990,3,91,5
1,1,2,0,8,1,1024,0,2,64,4,0,3,0,0,82990,3,844,118
1,1,2,1,8,1,1024,0,2,64,4,0,0,0,0,87990,2,0,0
1,1,2,1,8,1,1024,0,2,64,4,0,3,0,0,84500,3,3,0
3,1,2,1,8,5,1024,0,2,64,0,2,3,0,0,74190,3,21,3
5,1,2,1,8,1,1024,0,2,64,0,2,0,0,1,64990,2,4,0
5,1,2,0,8,1,512,512,2,64,0,2,2,1,0,155411,2,0,0
5,1,2,0,8,1,512,512,2,64,0,2,2,1,0,125394,2,0,0
7,1,2,1,8,1,0,1024,2,64,0,0,3,0,0,49990,2,0,0
7,1,2,1,8,1,0,1024,2,64,0,2,0,0,0,46990,2,253,28
3,1,2,1,8,1,0,1024,2,64,0,2,0,0,1,48990,2,470,46
7,1,2,5,8,1,0,1024,2,64,2,0,0,0,1,59999,3,118,28
1,1,2,0,8,1,0,1024,2,64,0,2,0,0,0,46990,3,1444,179
6,1,2,0,8,1,0,1024,2,64,4,0,1,0,0,52990,3,1114,137
5,1,2,4,8,1,0,1024,2,32,2,0,3,0,0,57999,2,0,0
5,1,2,3,8,0,0,1024,2,64,0,0,3,0,0,52490,2,78,17
5,1,2,5,8,1,0,1024,2,64,4,0,0,0,0,56990,3,21,5
7,1,2,5,8,1,0,1024,2,64,2,2,0,0,0,61990,3,73,21
3,1,2,1,8,1,0,1024,2,32,0,0,3,0,0,58090,2,0,0
1,1,2,0,8,1,0,1024,2,64,0,0,3,0,0,56990,2,0,0
7,1,2,5,8,1,0,1024,2,64,0,2,0,0,0,61597,2,0,0
1,1,2,5,8,1,0,1024,2,64,0,2,3,0,0,81990,2,0,0
1,1,2,0,8,1,0,1024,2,64,0,0,3,0,0,61249,2,0,0
3,1,2,1,8,1,0,1024,2,32,0,0,3,0,0,58990,2,0,0
1,1,2,0,8,1,0,1024,2,64,2,0,3,0,0,83990,2,0,0
6,1,2,0,8,4,0,512,0,32,6,0,3,0,0,291190,3,7,3
6,1,2,0,8,4,0,512,0,32,6,0,3,0,0,145990,3,715,106
6,1,2,0,8,4,0,512,0,32,8,0,3,0,0,179990,3,24,5
4,1,2,5,8,1,0,1024,2,64,2,0,0,0,1,64990,3,23,4
4,1,2,5,8,1,0,1024,2,64,0,0,0,0,0,46790,3,3062,325
4,1,2,4,4,1,0,1024,2,64,0,0,0,0,0,44599,3,122,12
7,1,2,5,8,1,0,1024,2,64,2,0,0,0,0,72964,3,18,6
4,1,2,0,8,1,0,1024,2,32,0,0,0,0,1,48790,2,11,1
7,1,2,0,8,1,0,1024,2,64,2,0,0,0,0,56491,2,30,6
1,1,2,1,8,1,256,1024,2,32,0,0,0,0,1,50990,3,1188,127
1,1,2,0,8,1,256,1024,2,64,4,1,3,0,0,55990,3,23,0
7,1,2,1,8,1,256,1024,2,64,0,0,0,0,0,57990,3,32,1
1,1,2,1,8,1,256,1024,2,64,0,0,0,0,0,52990,2,0,0
3,1,2,1,8,1,256,1024,2,64,0,0,0,0,0,57990,3,47,0
7,1,2,1,8,1,256,1024,2,64,0,2,0,0,0,56990,3,27,2
7,1,2,1,8,1,256,1024,2,64,0,0,3,0,0,55490,2,8,3
3,1,2,1,8,1,256,1024,2,64,2,0,0,0,0,62490,2,157,20
1,1,2,1,16,1,256,1024,2,64,0,0,0,0,0,64990,3,10,1
5,1,2,1,8,1,256,1024,2,64,2,0,0,0,1,59990,3,52,4
1,1,2,1,8,1,256,1024,2,64,2,0,0,0,1,60190,3,33,4
1,1,2,6,8,1,256,1024,2,64,4,1,3,0,0,54490,3,343,47
5,1,2,6,8,1,256,1024,2,64,4,0,0,0,1,60990,3,131,17
3,1,2,1,4,1,256,1024,2,64,0,2,0,0,1,55790,3,41,4
1,1,2,1,16,1,256,1024,2,64,0,0,0,0,1,64990,3,328,51
1,1,2,1,16,1,256,1024,2,64,0,2,3,0,0,58990,3,6,1
3,1,2,1,8,1,256,1024,2,64,0,2,0,0,1,54990,2,353,28
4,1,2,1,8,1,256,1024,2,64,4,1,0,0,1,71990,3,127,20
3,1,2,1,8,1,256,1024,2,64,2,0,0,0,0,69900,2,0,0
5,1,2,1,8,1,256,1024,2,64,2,0,0,0,1,65990,3,241,19
1,1,2,1,8,1,256,1024,2,64,0,0,0,0,0,49990,2,22,2
3,1,2,1,8,1,256,1024,2,64,0,2,0,0,1,58990,3,8,1
5,1,2,0,8,1,256,1024,2,64,4,1,3,0,0,74590,3,898,128
1,1,2,0,8,1,256,1024,2,32,2,0,3,0,0,58990,4,1,1
1,1,2,1,8,1,256,1024,2,64,0,0,0,0,0,64990,2,0,0
3,1,2,1,8,1,256,1024,2,64,2,0,3,0,0,66490,2,6,1
3,1,2,0,8,1,256,1024,2,64,4,0,3,0,0,77900,3,179,34
3,1,2,1,8,1,256,1024,2,64,2,0,3,0,0,67490,2,41,5
3,1,2,1,8,1,256,1024,2,64,0,2,0,0,1,61990,2,0,0
3,1,2,1,8,1,256,1024,2,64,0,0,0,0,1,58990,3,114,9
5,1,2,0,8,1,256,1024,2,64,4,1,3,0,0,74999,3,268,25
1,1,2,1,8,1,256,1024,2,64,0,0,0,0,1,68900,4,6,1
3,1,2,1,8,1,256,1024,2,64,2,0,3,0,0,71695,3,153,16
7,1,2,1,16,1,256,1024,2,64,0,0,3,0,0,62490,2,8,0
3,1,2,5,8,1,0,2048,2,64,2,0,0,0,1,62317,3,377,53
6,1,2,0,8,4,0,512,0,32,8,0,3,0,0,207290,2,0,0
3,1,3,5,16,1,256,0,2,64,4,0,0,0,1,87990,3,120,21
2,1,3,5,8,1,256,0,2,64,0,2,3,0,0,73990,2,0,0
2,1,3,5,8,1,256,0,2,64,0,2,3,0,0,73990,2,0,0
2,1,3,5,8,1,256,0,2,64,0,2,3,0,0,73990,2,0,0
2,1,3,5,8,1,256,0,2,64,0,2,3,0,0,73990,2,0,0
2,1,3,5,8,1,256,0,2,64,0,2,3,0,0,73990,2,0,0
2,1,3,5,8,1,256,0,2,64,0,2,3,0,0,73990,2,0,0
1,1,3,0,16,1,512,0,2,64,0,0,0,0,0,57990,3,76,9
1,1,3,0,8,1,512,0,2,64,4,1,3,0,0,61990,3,11,2
6,1,3,0,16,1,512,0,2,64,4,0,1,0,0,79990,3,484,56
5,1,3,0,8,1,512,0,2,64,4,1,0,0,1,68990,3,44,2
5,1,3,1,16,1,512,0,2,64,0,0,0,1,1,85990,3,77,10
5,1,3,1,16,1,512,0,2,64,4,0,0,0,1,99990,3,11,3
1,1,3,1,8,1,512,0,2,64,0,0,0,0,1,77990,3,21,5
5,1,3,1,8,1,512,0,2,64,4,1,3,0,0,79990,3,5,2
4,1,3,1,16,1,512,0,2,64,4,0,0,0,1,93190,4,4,0
1,1,3,1,16,5,512,0,2,64,0,0,0,0,1,94990,2,0,0
5,1,3,1,16,1,512,0,2,64,0,0,2,1,1,84990,3,13,2
6,1,3,0,8,1,512,0,2,64,0,2,3,0,0,57990,3,15,0
4,1,3,1,16,1,512,0,2,64,0,0,0,1,1,102990,3,11,2
3,1,3,1,16,1,512,0,2,64,4,0,0,0,0,99990,2,0,0
1,1,3,1,16,1,512,0,2,64,4,1,3,0,0,94990,3,118,15
4,1,3,1,16,1,512,0,2,64,0,0,0,1,1,104000,2,0,0
6,1,3,1,16,1,512,0,2,64,2,0,3,0,0,76990,2,0,0
4,1,3,1,16,1,512,0,2,64,4,1,0,0,1,90190,3,6,1
5,1,3,1,16,1,512,0,2,32,0,0,3,1,0,88488,2,0,0
6,1,3,0,16,1,512,0,2,64,4,0,0,0,0,109990,3,138,30
6,1,3,1,16,1,512,0,2,64,4,0,3,0,0,86990,2,0,0
6,1,3,1,16,5,512,0,2,64,0,0,0,0,0,89990,2,0,0
4,1,3,0,16,3,512,0,2,64,0,0,0,1,1,239759,2,0,0
1,1,3,1,16,1,512,0,2,64,2,0,0,0,1,78990,3,35,4
3,1,3,5,16,0,512,0,2,64,0,2,0,0,1,121890,0,3,0
1,1,3,5,16,3,512,0,2,64,0,2,0,0,0,85990,3,18,0
6,1,3,1,16,1,512,0,2,64,4,0,1,0,0,94990,2,0,0
4,1,3,1,16,1,512,0,2,64,4,1,0,0,1,92000,3,8,1
4,1,3,0,16,1,512,0,2,64,0,0,0,1,0,162990,2,3,1
3,1,3,1,16,5,512,0,2,64,0,2,0,0,1,135300,4,5,2
6,1,3,1,16,1,512,0,2,64,0,0,3,0,0,64990,3,33,5
5,1,3,0,16,1,512,0,2,64,0,2,2,0,0,174527,2,0,0
5,1,3,0,16,1,512,0,2,64,0,2,3,0,0,162299,2,0,0
3,1,3,0,16,1,512,0,2,64,0,0,0,1,1,109190,2,0,0
4,1,3,1,16,1,512,0,2,64,0,0,0,1,1,99999,2,0,0
6,1,3,0,16,1,512,0,2,64,2,0,0,0,0,104990,3,85,9
1,1,3,1,16,5,512,0,2,64,0,2,3,1,0,109990,2,0,0
1,1,3,5,16,0,512,0,2,64,0,2,0,0,0,99990,3,30,7
5,1,3,5,16,1,512,0,2,64,2,2,3,0,0,244801,2,0,0
1,1,3,1,16,5,512,0,2,64,0,2,3,0,0,94990,2,0,0
5,1,3,5,16,1,512,0,2,64,0,2,0,0,1,86000,2,0,0
5,1,3,0,16,1,512,0,2,32,2,0,3,0,0,162399,2,0,0
4,1,3,1,16,1,512,0,2,32,0,0,3,0,0,119599,2,0,0
5,1,3,0,16,3,512,0,2,64,0,2,3,0,0,211753,2,0,0
5,1,3,1,16,1,512,0,2,32,0,0,3,0,0,110999,2,0,0
3,1,3,1,16,1,512,0,2,64,4,0,0,0,0,99990,2,0,0
1,1,3,5,8,3,512,0,2,64,0,2,0,0,0,81990,3,40,4
6,1,3,6,8,1,512,0,2,64,4,0,1,0,0,66990,3,1639,230
6,1,3,0,16,1,1024,0,2,64,6,0,1,0,0,84990,3,498,64
1,1,3,1,16,5,1024,0,2,64,2,0,0,1,1,104990,2,0,0
1,1,3,1,16,5,1024,0,2,64,0,0,0,1,0,134990,2,0,0
1,1,3,1,16,1,1024,0,2,64,4,1,3,0,0,98990,3,445,56
4,1,3,0,16,1,1024,0,2,64,6,0,0,0,1,144690,3,17,4
1,1,3,1,16,5,1024,0,2,64,0,2,3,0,0,99990,2,0,0
6,1,3,1,16,1,1024,0,2,64,6,0,1,0,0,119990,3,20,3
1,1,3,1,16,1,1024,0,2,32,4,0,0,0,0,194990,2,0,0
1,1,3,0,16,3,1024,0,2,64,2,0,0,0,1,124990,3,17,1
3,1,3,1,16,1,1024,0,2,64,2,0,3,0,0,122410,2,0,0
4,1,3,0,16,1,1024,0,2,64,0,0,0,1,0,179990,3,13,5
6,1,3,1,16,1,1024,0,2,64,4,0,1,1,0,154990,3,3,2
5,1,3,1,16,5,1024,0,2,64,0,0,0,0,1,122990,2,4,2
1,1,3,0,16,1,1024,0,2,64,6,0,0,1,0,224990,3,9,0
6,1,3,2,16,2,1024,0,2,64,8,0,3,0,0,279990,2,0,0
4,1,3,1,16,1,1024,0,2,64,4,0,3,0,0,121990,2,0,0
4,1,3,1,16,1,1024,0,2,64,4,0,3,0,0,116990,2,0,0
5,1,3,1,16,1,1024,0,2,64,6,0,3,0,0,151098,3,7,0
6,1,3,1,16,1,1024,0,2,64,8,0,1,0,0,129990,3,14,3
4,1,3,1,16,5,1024,0,2,64,0,0,0,1,0,149999,2,0,0
6,1,3,2,16,1,1024,0,2,64,6,0,3,0,0,139990,3,4,2
7,1,3,1,16,1,1024,0,2,64,6,0,0,0,0,129990,3,54,7
4,1,3,1,16,1,1024,0,2,64,8,0,0,0,1,171990,2,0,0
3,1,3,1,16,1,1024,0,2,64,2,0,0,0,1,93955,3,4,0
1,1,3,0,16,1,1024,0,2,64,8,0,3,0,0,234990,2,0,0
4,1,3,1,16,5,1024,0,2,64,0,0,0,1,1,128500,2,3,1
5,1,3,1,16,1,1024,0,2,64,0,0,0,1,1,102990,3,16,2
1,1,3,1,16,5,1024,0,2,64,0,0,0,1,0,119990,3,8,1
1,1,3,1,16,1,1024,0,2,32,6,0,3,0,0,120980,2,0,0
1,1,3,1,16,1,1024,0,2,32,6,0,0,0,0,157249,3,7,0
5,1,3,6,16,1,1024,0,2,64,4,2,3,0,0,229900,2,0,0
1,1,3,1,16,1,1024,0,2,64,6,0,0,0,0,131500,2,0,0
1,1,3,0,16,3,1024,0,2,64,0,0,3,0,0,154990,4,3,0
1,1,3,0,16,3,1024,0,2,64,0,0,3,0,0,165990,2,0,0
5,1,3,0,16,5,1024,0,2,64,0,2,3,0,0,119990,1,2,1
1,1,3,0,16,3,1024,0,2,64,0,0,3,0,0,167990,2,0,0
4,1,3,1,16,5,1024,0,2,64,0,0,0,1,0,165000,2,0,0
2,1,3,0,16,1,1024,0,2,64,0,2,3,0,0,62990,2,207,49
5,1,3,1,16,4,1024,0,2,64,0,0,0,0,1,85990,2,7,2
4,1,3,1,16,1,1024,0,2,64,2,0,0,0,1,94990,2,0,0
4,1,3,1,16,1,1024,0,2,64,6,0,0,0,1,136990,2,0,0
5,1,3,0,16,1,1024,0,2,64,8,0,0,0,1,234990,2,0,0
7,1,3,0,16,1,2048,0,2,64,8,0,0,0,0,159990,2,4,0
1,1,3,0,16,3,2048,0,2,64,0,0,3,0,0,233990,2,0,0
1,1,3,0,16,1,0,1024,2,64,2,0,3,0,0,93990,2,0,0
4,1,3,5,16,1,128,1024,2,64,4,0,0,0,0,116941,2,0,0
6,1,3,0,8,1,256,1024,2,64,4,0,1,0,0,63990,3,794,83
1,1,3,0,16,1,256,1024,2,64,4,1,3,0,0,66990,3,25,4
1,1,3,1,16,1,256,1024,2,32,0,2,3,0,0,82500,2,0,0
7,1,3,0,16,1,256,1024,2,64,6,0,0,0,0,119990,3,2038,313
6,1,3,0,16,1,256,1024,2,64,4,0,2,0,0,159990,2,0,0
1,1,3,5,16,1,256,1024,2,64,0,2,3,0,0,98912,2,0,0
7,1,3,1,16,1,512,1024,2,64,4,0,0,0,0,92990,3,214,37
7,1,3,1,16,1,512,1024,2,32,6,0,0,0,0,119990,3,342,54
7,1,4,1,32,1,1024,0,2,64,8,0,0,0,0,169990,2,0,0
7,1,4,1,16,1,1024,0,2,64,6,0,0,0,0,139990,2,0,0
6,1,4,1,16,1,1024,0,2,64,6,0,3,0,0,192990,2,0,0
1,1,4,2,16,2,1024,0,2,64,6,0,3,0,0,299990,2,0,0
1,1,4,0,16,1,1024,0,2,64,6,0,0,1,0,269990,3,8,1
1,1,4,1,16,1,1024,0,2,64,6,1,0,0,0,139990,2,0,0
5,1,4,0,16,1,1024,0,2,32,8,0,3,0,0,265998,2,0,0
1,1,4,1,16,1,3072,0,2,32,6,0,0,0,0,441990,4,1,1
6,1,2,0,8,4,0,512,0,32,4,0,3,0,0,86990,3,218,27
6,1,2,0,8,4,0,512,0,32,6,0,3,0,0,109990,3,78,16
6,1,2,0,8,4,0,512,0,32,4,0,3,0,0,109590,3,5,2
1,1,3,0,16,5,0,512,0,32,6,0,3,0,0,146490,2,2,1
0,2,5,0,8,1,256,0,1,64,0,0,0,0,0,85990,3,6725,629
0,2,5,0,8,1,256,0,1,64,0,0,0,0,0,112990,3,640,70
0,2,5,0,16,1,256,0,1,64,0,0,0,0,0,104990,3,45,4
0,2,5,0,8,1,256,0,1,64,0,0,0,0,0,112990,3,640,70
0,2,5,0,16,1,256,0,1,64,0,0,0,0,0,132990,3,640,70
0,2,5,0,16,1,256,0,1,64,0,0,0,0,0,104990,3,45,4
0,2,5,0,8,1,256,0,1,64,0,0,0,0,0,85990,3,6725,629
0,2,5,0,16,1,512,0,1,64,0,0,0,0,0,149990,3,640,70
0,2,5,0,8,1,512,0,1,64,0,0,0,0,0,125990,3,399,45
0,2,5,0,8,1,512,0,1,64,0,0,0,0,0,103990,3,809,91
0,2,5,0,8,1,512,0,1,64,0,0,0,0,0,101990,3,809,91
0,2,5,0,8,1,512,0,1,64,0,0,0,0,0,104990,3,6725,629
0,2,5,0,8,1,512,0,1,64,0,0,0,0,0,131990,3,399,45
0,2,5,0,16,1,512,0,1,64,0,0,0,0,0,128990,3,45,4
0,2,5,0,16,1,512,0,1,64,0,0,0,0,0,184990,3,42,8
0,2,5,0,16,1,512,0,1,64,0,0,0,0,0,225990,3,42,8
0,2,5,0,4,1,512,0,1,64,0,0,0,0,0,124990,3,45,4
0,2,5,0,8,1,512,0,1,64,0,0,0,0,0,104990,3,6725,629
0,2,5,0,8,1,1024,0,1,64,0,0,0,0,0,149990,3,640,70
0,2,5,0,16,1,1024,0,1,64,0,0,0,0,0,169990,3,640,70
0,2,5,0,16,1,1024,0,1,64,0,0,0,0,0,225990,3,42,8
0,2,5,0,16,1,1024,0,1,64,0,0,0,0,0,243990,3,42,8
0,2,5,0,32,1,1024,0,1,64,0,0,0,0,0,309990,4,3,1
0,2,5,0,16,1,1024,0,1,64,0,0,0,0,0,225990,3,42,8
1,1,6,7,4,5,0,512,2,64,0,0,3,0,0,45990,2,0,0
1,1,6,7,4,1,128,0,2,32,0,0,3,1,0,58100,2,0,0
1,1,6,7,8,5,256,0,2,64,0,0,0,1,0,62990,2,0,0
4,1,6,7,8,1,256,0,2,64,0,2,0,0,1,32990,3,77,9
1,1,6,7,4,1,256,0,2,64,0,2,0,0,1,33990,3,6,0
7,1,6,7,4,1,256,0,2,64,0,0,0,0,0,30990,3,465,89
3,1,6,7,4,1,256,0,2,64,0,2,0,0,0,36000,3,102,16
1,1,6,7,4,1,256,0,2,64,0,2,0,0,1,32990,3,7,1
3,1,6,7,4,1,256,0,2,64,0,0,0,0,0,35990,2,0,0
1,1,6,7,4,4,0,1024,2,64,0,0,3,0,0,27990,2,0,0
1,1,6,7,4,1,0,1024,2,64,0,0,0,0,0,25990,2,4741,658
1,1,6,7,4,1,0,1024,2,64,0,0,0,0,0,25990,2,2736,350
1,1,6,7,4,1,0,1024,2,64,0,0,3,0,0,30780,2,0,0
4,0,7,7,8,1,256,0,2,64,0,2,0,0,0,37990,3,2214,241
1,0,7,7,8,1,256,0,2,64,0,2,0,0,0,35990,3,2886,375
3,0,7,7,8,1,256,0,2,64,0,2,3,0,0,39490,3,34,4
3,0,7,7,8,1,256,0,2,64,0,2,3,0,0,36990,3,137,15
3,0,7,7,8,1,256,0,2,64,0,2,0,0,0,39990,3,7,0
1,0,7,7,4,1,256,0,2,64,0,2,0,0,0,33690,3,170,26
3,0,7,7,8,1,256,0,2,64,0,2,3,0,0,40590,2,0,0
1,0,7,7,4,1,256,0,2,64,0,0,0,0,0,37990,3,39,3
1,0,7,7,4,1,256,0,2,64,0,2,0,0,1,34500,3,2886,375
7,0,7,7,8,1,512,0,2,64,0,0,0,0,0,36990,3,11,2
4,0,7,7,8,1,512,0,2,64,0,2,3,0,0,43490,3,163,33
4,0,7,7,8,1,512,0,2,64,0,2,0,0,1,41490,3,153,21
7,0,7,7,4,1,512,0,2,64,0,0,3,0,0,34990,2,0,0
4,0,7,7,4,1,512,0,2,64,0,2,0,0,1,44490,3,267,42
3,0,7,7,4,1,512,0,2,64,0,2,3,0,0,40590,2,0,0
3,0,7,7,8,1,512,0,2,64,0,2,3,0,0,42090,2,3,0
3,0,7,7,8,1,0,1024,2,64,0,2,0,0,1,35990,3,59,12
4,0,7,7,8,1,0,1024,2,64,0,2,0,0,1,39490,3,7291,895
3,0,7,7,8,1,0,1024,2,64,0,2,3,0,0,37390,3,38,5
3,0,7,7,4,1,0,1024,2,64,0,2,0,0,1,52632,2,0,0
3,0,7,7,4,1,0,1024,2,64,0,0,0,0,1,39990,3,409,39
3,0,7,7,4,1,0,1024,2,64,0,0,0,0,0,43990,2,0,0
4,0,7,7,4,1,0,1024,2,64,0,0,0,0,0,32917,3,353,58
5,0,7,7,4,1,0,1024,2,64,0,0,3,0,0,34990,2,38,6
3,0,7,7,8,1,0,1024,2,64,0,2,3,0,0,39990,2,18,4
4,0,7,7,8,1,256,1024,2,64,0,0,0,0,1,41999,3,3524,432
3,0,8,7,8,1,256,0,2,64,0,0,0,0,1,41990,3,939,107
3,0,8,7,8,1,256,0,2,64,0,2,0,0,0,44490,3,14,1
3,0,8,7,8,1,256,0,2,64,0,0,0,0,1,41990,3,649,84
3,0,8,7,8,1,256,0,2,64,0,2,0,0,1,44490,3,8,2
6,0,8,7,4,1,256,0,2,64,0,0,0,0,0,49990,2,0,0
3,0,8,7,4,1,256,0,2,64,0,2,0,0,0,44390,3,276,24
4,0,8,7,8,1,512,0,2,64,4,0,0,0,0,57990,3,4740,532
5,0,8,7,8,1,512,0,2,64,4,1,0,0,1,56990,3,162,15
5,0,8,7,8,1,512,0,2,64,0,2,0,0,0,48990,3,219,27
4,0,8,7,8,1,512,0,2,64,0,2,0,0,1,49970,3,193,28
6,0,8,7,8,1,512,0,2,64,0,0,3,0,0,47990,3,562,89
4,0,8,7,8,1,512,0,2,64,0,2,0,0,1,48990,3,45,5
7,0,8,7,8,5,512,0,2,64,0,2,0,0,0,53990,3,7,0
5,0,8,7,8,1,512,0,2,64,0,0,0,0,1,52990,3,39,5
7,0,8,7,8,1,512,0,2,64,0,0,0,0,0,43990,2,0,0
5,0,8,7,8,1,512,0,2,64,4,1,3,0,0,59490,3,92,10
6,0,8,7,8,1,512,0,2,64,4,0,3,0,0,64990,3,469,80
3,0,8,7,8,1,512,0,2,64,0,2,3,0,0,47490,1,2,1
4,0,8,7,8,1,512,0,2,64,4,0,0,0,0,59990,3,1978,188
5,0,8,7,8,1,512,0,2,64,4,0,3,0,0,69990,3,9,0
4,0,8,7,8,1,512,0,2,64,4,0,0,0,0,58990,3,1049,134
3,0,8,7,8,1,512,0,2,64,0,2,0,0,0,59490,3,74,18
4,0,8,7,16,1,512,0,2,64,0,2,0,0,1,67500,3,196,19
4,0,8,7,8,1,512,0,2,32,0,0,3,0,0,48990,3,17,1
1,0,8,7,8,1,512,0,2,64,0,0,0,1,1,62450,3,172,36
1,0,8,7,8,1,512,0,2,64,0,0,0,0,0,58990,3,324,34
4,0,8,7,8,1,512,0,2,64,0,2,0,0,1,57999,3,86,15
1,0,8,7,16,1,512,0,2,64,0,0,3,0,0,56990,3,4,1
4,0,8,7,8,1,512,0,2,64,4,0,0,0,1,72990,3,16,4
4,0,8,7,16,1,512,0,2,64,0,0,0,0,1,65990,3,104,18
4,0,8,7,16,1,512,0,2,64,0,0,0,1,1,98020,2,0,0
4,0,8,7,16,1,512,0,2,64,2,0,0,0,1,63990,3,90,13
1,0,8,7,8,1,512,0,2,32,0,2,0,0,1,49890,3,6,1
3,0,8,7,8,1,512,0,2,64,0,2,0,0,1,49990,3,47,7
3,0,8,7,8,1,512,0,2,64,0,2,0,0,1,59490,2,0,0
4,0,8,7,8,1,512,0,2,64,0,0,0,1,1,73999,3,206,27
3,0,8,7,4,1,512,0,2,64,0,2,0,0,1,60990,3,183,42
3,0,8,7,4,1,512,0,2,64,6,0,3,0,0,76190,3,358,64
5,0,8,7,4,5,512,0,2,64,0,2,2,1,1,74798,2,0,0
1,0,8,7,4,1,512,0,2,64,0,0,0,0,0,58990,3,88,13
4,0,8,7,4,1,512,0,2,32,4,0,3,0,0,68100,2,0,0
5,0,8,7,4,1,512,0,2,64,0,2,0,1,1,77990,2,0,0
4,0,8,7,4,1,512,0,2,64,0,2,0,0,1,55090,3,364,52
1,0,8,7,4,5,512,0,2,64,0,0,3,1,0,91990,2,0,0
4,0,8,7,4,1,512,0,2,64,0,0,0,0,1,84208,2,0,0
7,0,8,7,4,1,512,0,2,64,0,0,0,0,0,44990,3,313,39
4,0,8,7,4,1,512,0,2,64,0,2,0,0,1,53490,3,826,118
5,0,8,7,4,1,512,0,2,64,4,0,3,0,0,76498,2,0,0
3,0,8,7,4,1,512,0,2,64,4,0,0,0,0,98920,2,0,0
6,0,8,7,4,1,512,0,2,64,0,0,3,0,0,54990,3,1410,203
7,0,8,7,4,1,512,0,2,64,0,0,0,0,0,49990,3,47,6
4,0,8,7,4,1,512,0,2,32,0,0,3,0,0,52380,2,0,0
7,0,8,7,4,1,512,0,2,64,0,2,0,0,0,49990,3,6,1
4,0,8,7,4,1,512,0,2,64,0,2,0,0,1,52500,3,741,67
1,0,8,7,4,1,512,0,2,64,0,2,0,0,1,49990,3,14,2
7,0,8,7,4,1,512,0,2,64,0,2,0,0,0,75999,2,0,0
1,0,8,7,4,1,512,0,2,64,0,0,0,0,0,80990,2,0,0
5,0,8,7,4,1,512,0,2,32,0,0,0,0,0,59900,2,3,0
4,0,8,7,4,1,512,0,2,64,0,2,0,0,1,54590,3,349,69
3,0,8,7,4,1,512,0,2,64,0,0,0,1,1,75500,2,0,0
4,0,8,7,8,1,512,0,2,64,0,2,0,0,1,51890,3,519,48
1,0,8,7,16,1,512,0,2,64,0,0,0,0,0,78000,1,3,0
4,0,8,7,16,1,512,0,2,64,0,2,0,0,1,59999,3,19,1
4,0,8,7,8,1,512,0,2,64,4,1,0,0,1,64990,2,8,1
3,0,8,7,4,1,1024,0,2,32,0,0,3,0,0,57900,3,3,1
5,0,8,7,4,5,1024,0,2,64,0,2,2,1,1,81978,2,0,0
4,0,8,7,4,1,0,1024,2,64,4,1,0,0,0,59990,3,1480,151
3,0,8,7,8,1,256,1024,2,64,0,0,3,0,0,49490,3,31,3
1,0,8,7,8,1,256,1024,2,64,0,0,0,0,0,54990,3,18,3
5,0,8,7,8,1,256,1024,2,64,4,0,3,0,0,68500,3,271,24
1,0,8,7,8,1,256,1024,2,64,0,0,0,0,0,54990,3,49,6
1,0,8,7,8,1,256,1024,2,32,0,0,0,0,1,54990,3,474,65
5,0,8,7,8,1,256,1024,2,64,0,1,0,0,1,63990,3,861,116
4,0,8,7,4,1,256,1024,2,64,4,1,0,0,0,80000,3,34,6
3,0,8,7,4,1,256,1024,2,32,0,0,3,0,0,51990,2,0,0
1,0,8,7,4,1,256,1024,2,64,0,0,0,0,1,62990,3,165,34
4,0,8,7,4,1,256,1024,2,64,0,2,0,0,0,52990,3,698,74
1,0,8,7,4,1,256,1024,2,64,0,2,0,0,1,75100,2,0,0
1,0,9,7,16,1,512,0,2,32,4,1,3,0,0,76990,3,22,3
1,0,9,7,16,1,512,0,2,64,4,0,0,0,0,79990,2,0,0
1,0,9,7,8,1,512,0,2,64,4,0,3,0,0,71990,3,144,16
1,0,9,7,8,1,512,0,2,64,4,0,3,0,0,71990,3,1810,235
5,0,9,7,16,1,512,0,2,64,4,0,0,0,1,99990,3,26,1
1,0,9,7,16,1,512,0,2,64,0,0,0,0,0,79990,2,0,0
3,0,9,7,16,1,512,0,2,64,4,0,0,0,0,93990,2,0,0
1,0,9,7,16,1,512,0,2,64,4,1,3,0,0,82990,3,1067,145
1,0,9,7,4,2,512,0,2,64,4,0,3,0,0,106990,2,0,0
1,0,9,7,4,1,512,0,2,64,0,0,0,0,0,92990,3,25,4
5,1,9,7,4,1,512,0,2,32,4,0,2,0,1,81490,2,0,0
1,0,9,7,4,1,512,0,2,64,0,0,0,0,1,56990,2,0,0
6,0,9,7,4,1,512,0,2,64,0,0,3,0,0,64990,2,0,0
5,0,9,7,4,1,512,0,2,64,0,0,0,0,1,60990,3,530,69
5,0,9,7,4,1,512,0,2,64,4,0,0,0,1,84988,2,0,0
4,0,9,7,4,1,512,0,2,64,4,0,0,0,0,90990,3,273,40
1,0,9,7,4,1,512,0,2,64,0,0,0,0,0,63990,3,77,7
5,0,9,7,4,1,512,0,2,64,0,0,0,0,1,63990,3,105,10
4,0,9,7,4,1,512,0,2,64,0,2,0,0,1,57999,3,44,5
1,0,9,7,4,1,512,0,2,32,4,0,3,0,0,72400,2,0,0
5,0,9,7,4,1,512,0,2,64,0,0,0,1,0,78990,3,6,0
7,0,9,7,4,1,512,0,2,64,0,2,0,0,0,59990,2,0,0
1,0,9,7,4,2,512,0,2,32,4,0,0,0,0,111990,2,0,0
4,0,9,7,4,1,512,0,2,32,0,0,3,1,0,109000,2,0,0
3,0,9,7,4,1,512,0,2,64,6,0,3,0,0,89990,3,191,27
5,0,9,7,4,1,512,0,2,64,0,0,2,1,1,78988,2,0,0
5,0,9,7,4,1,512,0,2,64,4,0,3,0,0,73138,2,4,1
5,0,9,7,4,1,512,0,2,64,4,0,0,0,0,106990,2,0,0
1,0,9,7,4,1,512,0,2,32,4,0,3,0,0,79990,2,0,0
3,0,9,7,4,1,512,0,2,64,0,0,0,1,1,89570,2,0,0
4,0,9,7,4,1,512,0,2,64,0,2,0,0,1,68500,3,134,22
5,0,9,7,16,1,512,0,2,64,0,0,0,0,0,73400,2,0,0
4,0,9,7,16,1,512,0,2,64,2,0,0,0,1,79990,2,23,6
4,0,9,7,16,1,512,0,2,64,4,1,0,0,1,84990,1,4,2
6,0,9,7,16,1,1024,0,2,64,8,0,0,0,0,99990,3,108,24
1,0,9,7,8,5,1024,0,2,64,4,0,3,0,0,72990,3,198,24
4,0,9,7,16,1,1024,0,2,64,0,2,0,1,1,92990,2,0,0
4,0,9,7,16,1,1024,0,2,64,0,2,0,0,1,84190,2,0,0
1,0,9,7,16,5,1024,0,2,64,0,0,3,1,0,112990,2,0,0
1,0,9,7,4,2,1024,0,2,32,4,0,0,0,0,114990,2,0,0
7,0,9,7,4,1,1024,0,2,64,4,0,0,0,0,99990,2,0,0
1,0,9,7,4,1,1024,0,2,32,4,1,3,0,0,95990,3,57,3
4,0,9,7,4,1,1024,0,2,64,8,0,0,0,0,159990,3,17,2
1,0,9,7,4,1,1024,0,2,64,0,0,0,0,1,76990,2,0,0
5,0,9,7,4,1,1024,0,2,64,6,0,0,0,1,130990,2,0,0
1,0,9,7,4,1,1024,0,2,64,0,0,0,0,0,99990,2,0,0
1,0,9,7,4,2,1024,0,2,64,4,0,3,0,0,112990,2,0,0
5,0,9,7,4,1,1024,0,2,64,0,0,0,0,1,77988,2,0,0
1,0,9,7,4,1,1024,0,2,64,0,0,0,0,1,76000,4,1,1
1,0,9,7,4,5,1024,0,2,64,4,0,0,1,0,99990,3,77,15
1,0,9,7,4,1,1024,0,2,64,0,0,0,0,0,111000,2,0,0
1,0,9,7,16,5,1024,0,2,64,0,2,0,0,1,84970,2,2,1
4,0,9,7,16,1,256,1024,2,64,4,1,0,0,1,75990,3,1084,123
7,0,9,7,16,1,256,1024,2,64,6,0,0,0,0,89990,3,272,36
7,0,9,7,16,1,256,1024,2,64,4,0,3,0,0,81990,3,141,24
5,0,9,7,4,1,512,1024,2,32,0,0,3,0,0,80490,2,0,0
1,0,10,7,16,1,1024,0,2,64,6,0,0,0,0,135990,2,0,0
1,0,10,7,16,1,1024,0,2,32,0,0,0,0,0,154990,3,194,42
1,0,10,7,16,1,1024,0,2,64,8,0,0,0,1,199990,3,9,2
1,0,10,7,16,1,1024,0,2,64,4,0,3,0,0,114990,3,28,4
1,0,10,7,16,1,1024,0,2,64,6,0,0,0,1,129990,3,204,35
1,0,10,7,16,5,1024,0,2,64,4,0,0,1,1,114990,3,32,6
6,0,10,7,4,1,1024,0,2,64,0,0,3,0,0,146990,2,0,0
1,0,10,7,4,1,1024,0,2,64,0,0,0,0,0,104990,3,14,2
1,0,10,7,4,5,1024,0,2,64,4,0,0,1,0,114990,3,14,1
1,0,10,7,4,5,1024,0,2,64,4,0,0,1,1,124990,4,3,0
1,0,10,7,4,5,1024,0,2,64,0,0,3,1,0,134990,2,0,0
4,0,10,7,4,1,1024,0,2,64,8,0,0,0,1,141990,2,0,0
1,0,10,7,4,1,1024,0,2,64,0,0,0,0,0,129990,2,0,0
1,0,10,7,4,5,1024,0,2,64,4,0,0,1,1,142990,3,4,1
1,0,10,7,4,1,1024,0,2,64,0,0,0,0,0,121990,2,0,0
1,0,10,7,4,5,1024,0,2,64,4,0,0,1,1,124990,3,44,12
1,0,10,7,4,1,1024,0,2,64,6,0,3,0,0,141990,3,61,13
1,0,10,7,4,1,1024,0,2,64,4,0,0,0,0,162990,2,0,0
1,0,10,7,4,1,1024,0,2,64,0,0,0,0,0,130500,2,0,0
1,0,10,7,4,1,1024,0,2,64,4,0,3,0,0,116990,2,0,0
1,0,10,7,4,1,1024,0,2,32,6,0,3,0,0,138990,2,0,0
1,0,10,7,4,5,1024,0,2,64,4,0,0,1,1,234990,2,0,0
1,0,10,7,4,1,1024,0,2,64,0,0,0,0,0,135990,2,0,0
1,0,10,7,4,1,1024,0,2,64,0,0,0,0,0,144990,2,0,0
1,0,10,7,4,1,1024,0,2,64,4,0,0,0,0,149990,2,0,0
1,0,10,7,4,1,1024,0,2,64,4,0,0,0,0,142990,2,0,0
5,0,8,0,8,1,512,0,0,64,0,2,3,0,0,57490,3,18,4
